{
  "project_info": {
    "project_number": "399266091452",
    "firebase_url": "https://newsoftwareengineeringproject.firebaseio.com",
    "project_id": "newsoftwareengineeringproject",
    "storage_bucket": "newsoftwareengineeringproject.appspot.com"
  },
  "client": [
    {
      "client_info": {
        "mobilesdk_app_id": "1:399266091452:android:a4567bba08c19fb8d5dbb9",
        "android_client_info": {
          "package_name": "com.example.newsoftwareengineeringproject"
        }
      },
      "oauth_client": [
        {
          "client_id": "399266091452-i4365n3pcvcd5skcmkjq2ooa99lrv93g.apps.googleusercontent.com",
          "client_type": 1,
          "android_info": {
            "package_name": "com.example.newsoftwareengineeringproject",
            "certificate_hash": "2d34fa1a3dd0a69c0849db74af41dee9408b1dfe"
          }
        },
        {
          "client_id": "399266091452-hkml5ecmrmlgbd15kf30m08qvd2li905.apps.googleusercontent.com",
          "client_type": 3
        }
      ],
      "api_key": [
        {
          "current_key": "AIzaSyAS6wgKK9psEJVwOP2JLoj2XmfKYenq5qk"
        }
      ],
      "services": {
        "appinvite_service": {
          "other_platform_oauth_client": [
            {
              "client_id": "399266091452-hkml5ecmrmlgbd15kf30m08qvd2li905.apps.googleusercontent.com",
              "client_type": 3
            }
          ]
        }
      }
    }
  ],
  "configuration_version": "1"
}